-- MySQL dump 10.13  Distrib 8.4.0, for Win64 (x86_64)
--
-- Host: 121.43.62.36    Database: sound_mentor
-- ------------------------------------------------------
-- Server version	8.0.27

/*!40101 SET @OLD_CHARACTER_SET_CLIENT=@@CHARACTER_SET_CLIENT */;
/*!40101 SET @OLD_CHARACTER_SET_RESULTS=@@CHARACTER_SET_RESULTS */;
/*!40101 SET @OLD_COLLATION_CONNECTION=@@COLLATION_CONNECTION */;
/*!50503 SET NAMES utf8mb4 */;
/*!40103 SET @OLD_TIME_ZONE=@@TIME_ZONE */;
/*!40103 SET TIME_ZONE='+00:00' */;
/*!40014 SET @OLD_UNIQUE_CHECKS=@@UNIQUE_CHECKS, UNIQUE_CHECKS=0 */;
/*!40014 SET @OLD_FOREIGN_KEY_CHECKS=@@FOREIGN_KEY_CHECKS, FOREIGN_KEY_CHECKS=0 */;
/*!40101 SET @OLD_SQL_MODE=@@SQL_MODE, SQL_MODE='NO_AUTO_VALUE_ON_ZERO' */;
/*!40111 SET @OLD_SQL_NOTES=@@SQL_NOTES, SQL_NOTES=0 */;

--
-- Table structure for table `file`
--

DROP TABLE IF EXISTS `file`;
/*!40101 SET @saved_cs_client     = @@character_set_client */;
/*!50503 SET character_set_client = utf8mb4 */;
CREATE TABLE `file` (
  `id` int NOT NULL AUTO_INCREMENT COMMENT '文件唯一标识',
  `origin_name` varchar(255) NOT NULL COMMENT '文件原始名称',
  `path` varchar(255) NOT NULL COMMENT '文件存储路径',
  `file_size` bigint NOT NULL COMMENT '文件大小',
  `file_type` int NOT NULL COMMENT '文件类型',
  `create_time` timestamp NULL DEFAULT CURRENT_TIMESTAMP COMMENT '文件创建时间',
  `md5` varchar(255) NOT NULL COMMENT '文件的唯一标识',
  PRIMARY KEY (`id`),
  UNIQUE KEY `path` (`path`),
  UNIQUE KEY `md5` (`md5`)
) ENGINE=InnoDB AUTO_INCREMENT=12 DEFAULT CHARSET=utf8mb4 COLLATE=utf8mb4_0900_ai_ci COMMENT='文件表，用于存储文件的基本信息';
/*!40101 SET character_set_client = @saved_cs_client */;

--
-- Dumping data for table `file`
--

LOCK TABLES `file` WRITE;
/*!40000 ALTER TABLE `file` DISABLE KEYS */;
INSERT INTO `file` VALUES (1,'01-第十六届中国大学生服务外包创新创业大赛参赛手册.pdf','http://121.43.62.36:9000/doc/1736660981975_01-第十六届中国大学生服务外包创新创业大赛参赛手册.pdf',509863,3,'2025-01-12 13:49:43','af7e83ed32e798b8ff73924e4479f149'),(2,'test.mp3','http://121.43.62.36:9000/mp3/1736845832691_test.mp3',201086,0,'2025-01-14 09:10:33','8176cebc4a669345b65a0df11e4e047f'),(3,'【格木】2024年7月-时政热点.pdf','http://121.43.62.36:9000/doc/1736910538281_【格木】2024年7月-时政热点.pdf',957718,3,'2025-01-15 03:08:58','86888f283f6bddb71ed72479b40e6509'),(4,'stu_sys.png','http://121.43.62.36:9000/img/1736910945086_stu_sys.png',108130,6,'2025-01-15 03:15:45','c939ac71744d0c7276ba1c3b52661bad'),(5,'3.1-3.4 CPU调度.ppt','http://121.43.62.36:9000/ppt/1736915581401_3.1-3.4 CPU调度.ppt',994816,4,'2025-01-15 12:33:02','b30d47d83922e28e393dee7339427d5e'),(6,'4.0 gcc分步编译.ppt','http://121.43.62.36:9000/ppt/1736917259815_ac95fd37eddb3be72828ceaadfe6bd9f',346112,4,'2025-01-15 13:01:00','ac95fd37eddb3be72828ceaadfe6bd9f'),(7,'4.1-4.3 连续分配存储管理.ppt','http://121.43.62.36:9000/ppt/1736917503920_c27cd9ee60e849615102224e0426d275.ppt',1835520,4,'2025-01-15 13:05:05','c27cd9ee60e849615102224e0426d275'),(8,'5.1 虚拟存储器.pptx','http://121.43.62.36:9000/ppt/1736923625533_5e5bd4d73cbd451c0cfd346dc96a5d9b.pptx',1140067,5,'2025-01-15 14:47:06','5e5bd4d73cbd451c0cfd346dc96a5d9b'),(9,'R-C.jpg','http://121.43.62.36:9000/img/1737271893796_b4c0c917082a47f5cd0a2342607603d8.jpg',120744,7,'2025-01-19 07:31:34','b4c0c917082a47f5cd0a2342607603d8'),(10,'voice.png','http://121.43.62.36:9000/img/1737363230908_f4e04c3f5fe59d8662f5787cd3f047fa.png',2566,6,'2025-01-20 08:53:51','f4e04c3f5fe59d8662f5787cd3f047fa'),(11,'test.pptx','http://121.43.62.36:9000/ppt/1737363754214_d41d8cd98f00b204e9800998ecf8427e.pptx',0,5,'2025-01-20 09:02:34','d41d8cd98f00b204e9800998ecf8427e');
/*!40000 ALTER TABLE `file` ENABLE KEYS */;
UNLOCK TABLES;

--
-- Table structure for table `organization`
--

DROP TABLE IF EXISTS `organization`;
/*!40101 SET @saved_cs_client     = @@character_set_client */;
/*!50503 SET character_set_client = utf8mb4 */;
CREATE TABLE `organization` (
  `id` int NOT NULL AUTO_INCREMENT COMMENT 'ID',
  `name` varchar(100) NOT NULL,
  `description` text,
  `created_time` timestamp NULL DEFAULT CURRENT_TIMESTAMP,
  `updated_time` timestamp NULL DEFAULT CURRENT_TIMESTAMP,
  `capacity` int NOT NULL,
  PRIMARY KEY (`id`)
) ENGINE=InnoDB AUTO_INCREMENT=38 DEFAULT CHARSET=utf8mb4 COLLATE=utf8mb4_0900_ai_ci;
/*!40101 SET character_set_client = @saved_cs_client */;

--
-- Dumping data for table `organization`
--

LOCK TABLES `organization` WRITE;
/*!40000 ALTER TABLE `organization` DISABLE KEYS */;
INSERT INTO `organization` VALUES (20,'test','test','2025-01-06 17:00:34','2025-01-06 17:00:34',100),(21,'test','test','2025-01-06 17:00:48','2025-01-06 17:00:48',100),(22,'test','test','2025-01-06 17:00:59','2025-01-06 17:00:59',100),(23,'','','2025-01-06 18:28:37','2025-01-06 18:28:37',22),(24,'','','2025-01-06 18:36:44','2025-01-06 18:36:44',22),(25,'','zuzhi','2025-01-06 19:16:53','2025-01-06 19:16:53',50),(26,'','zuzhi','2025-01-06 19:17:05','2025-01-06 19:17:05',999),(27,'testjoin','testjoin','2025-01-07 22:08:48','2025-01-07 22:08:48',10),(28,'testjoin','testjoin','2025-01-07 22:13:26','2025-01-07 22:13:26',1),(37,'ggg','gg','2025-01-14 08:26:16','2025-01-14 08:26:16',2);
/*!40000 ALTER TABLE `organization` ENABLE KEYS */;
UNLOCK TABLES;

--
-- Table structure for table `organization_file`
--

DROP TABLE IF EXISTS `organization_file`;
/*!40101 SET @saved_cs_client     = @@character_set_client */;
/*!50503 SET character_set_client = utf8mb4 */;
CREATE TABLE `organization_file` (
  `id` int NOT NULL AUTO_INCREMENT COMMENT '记录唯一标识',
  `organization_id` int NOT NULL COMMENT '组织ID',
  `file_id` int NOT NULL COMMENT '文件ID，关联文件表',
  `create_time` timestamp NULL DEFAULT CURRENT_TIMESTAMP COMMENT '记录创建时间',
  PRIMARY KEY (`id`),
  KEY `idx_organization_id` (`organization_id`),
  KEY `idx_file_id` (`file_id`)
) ENGINE=InnoDB AUTO_INCREMENT=2 DEFAULT CHARSET=utf8mb4 COLLATE=utf8mb4_0900_ai_ci COMMENT='组织文件关系表，用于存储组织与文件之间的关系';
/*!40101 SET character_set_client = @saved_cs_client */;

--
-- Dumping data for table `organization_file`
--

LOCK TABLES `organization_file` WRITE;
/*!40000 ALTER TABLE `organization_file` DISABLE KEYS */;
INSERT INTO `organization_file` VALUES (1,20,10,'2025-01-20 22:11:23');
/*!40000 ALTER TABLE `organization_file` ENABLE KEYS */;
UNLOCK TABLES;

--
-- Table structure for table `organization_user`
--

DROP TABLE IF EXISTS `organization_user`;
/*!40101 SET @saved_cs_client     = @@character_set_client */;
/*!50503 SET character_set_client = utf8mb4 */;
CREATE TABLE `organization_user` (
  `id` int NOT NULL AUTO_INCREMENT,
  `organization_id` int NOT NULL,
  `user_id` int NOT NULL,
  `organization_role` int NOT NULL DEFAULT '0',
  `create_time` timestamp NOT NULL,
  PRIMARY KEY (`id`),
  KEY `idx_organization_id` (`organization_id`),
  KEY `idx_user_id` (`user_id`),
  KEY `idx_organization_role` (`organization_role`)
) ENGINE=InnoDB AUTO_INCREMENT=41 DEFAULT CHARSET=utf8mb4 COLLATE=utf8mb4_0900_ai_ci;
/*!40101 SET character_set_client = @saved_cs_client */;

--
-- Dumping data for table `organization_user`
--

LOCK TABLES `organization_user` WRITE;
/*!40000 ALTER TABLE `organization_user` DISABLE KEYS */;
INSERT INTO `organization_user` VALUES (20,20,2,2,'2025-01-09 16:15:57'),(21,21,2,2,'2025-01-09 16:16:01'),(22,22,2,2,'2025-01-09 16:16:03'),(23,23,5,2,'2025-01-09 16:16:02'),(24,24,5,2,'2025-01-09 16:16:04'),(25,25,2,2,'2025-01-09 16:16:06'),(26,26,2,2,'2025-01-09 16:16:05'),(27,27,2,2,'2025-01-09 16:16:07'),(28,27,5,0,'2025-01-09 16:16:09'),(29,28,2,2,'2025-01-09 16:16:08'),(39,37,6,2,'2025-01-14 08:26:16'),(40,37,5,0,'2025-01-14 08:26:34');
/*!40000 ALTER TABLE `organization_user` ENABLE KEYS */;
UNLOCK TABLES;

--
-- Table structure for table `task`
--

DROP TABLE IF EXISTS `task`;
/*!40101 SET @saved_cs_client     = @@character_set_client */;
/*!50503 SET character_set_client = utf8mb4 */;
CREATE TABLE `task` (
  `id` int NOT NULL AUTO_INCREMENT COMMENT '任务ID，自动递增',
  `task_detail` json NOT NULL COMMENT '任务详细信息，JSON格式',
  `type` int NOT NULL COMMENT '任务类型，VARCHAR类型',
  `status` int NOT NULL COMMENT '任务状态，VARCHAR类型',
  `create_time` timestamp NULL DEFAULT CURRENT_TIMESTAMP COMMENT '创建时间，默认为当前时间',
  `update_time` timestamp NULL DEFAULT CURRENT_TIMESTAMP ON UPDATE CURRENT_TIMESTAMP COMMENT '更新时间，更新时自动更新为当前时间',
  `result` json DEFAULT NULL COMMENT '任务结果',
  PRIMARY KEY (`id`),
  KEY `idx_type` (`type`)
) ENGINE=InnoDB AUTO_INCREMENT=120 DEFAULT CHARSET=utf8mb4 COLLATE=utf8mb4_0900_ai_ci COMMENT='任务表，存储所有任务的详细信息和状态';
/*!40101 SET character_set_client = @saved_cs_client */;

--
-- Dumping data for table `task`
--

LOCK TABLES `task` WRITE;
/*!40000 ALTER TABLE `task` DISABLE KEYS */;
INSERT INTO `task` VALUES (2,'{\"id\": 12, \"status\": 0, \"userId\": 2, \"soundUrl\": \"test\", \"createTime\": \"2025-01-12T23:29:57.170\"}',1,0,'2025-01-12 23:29:57','2025-01-12 23:29:57',NULL),(10,'{\"id\": 21, \"status\": 0, \"userId\": 2, \"soundUrl\": \"test1\", \"createTime\": \"2025-01-13T11:52:51.404\"}',1,0,'2025-01-13 11:52:51','2025-01-13 11:52:51',NULL),(11,'{\"id\": 22, \"status\": 0, \"userId\": 2, \"soundUrl\": \"test11\", \"createTime\": \"2025-01-13T15:05:12.489\"}',1,0,'2025-01-13 15:05:13','2025-01-13 15:05:13',NULL),(12,'{\"id\": 23, \"status\": 0, \"userId\": 2, \"soundUrl\": \"test112\", \"createTime\": \"2025-01-13T15:09:50.584\"}',1,0,'2025-01-13 15:09:51','2025-01-13 15:09:51',NULL),(13,'{\"id\": 24, \"status\": 0, \"userId\": 2, \"soundUrl\": \"test1123\", \"createTime\": \"2025-01-13T15:15:35.360\"}',1,0,'2025-01-13 15:15:35','2025-01-13 15:15:35',NULL),(14,'{\"id\": 25, \"status\": 0, \"userId\": 2, \"soundUrl\": \"123\", \"createTime\": \"2025-01-13T22:18:48.940\"}',1,0,'2025-01-13 22:18:49','2025-01-13 22:18:49','{}'),(15,'{\"id\": 27, \"status\": 0, \"userId\": 5, \"soundUrl\": \"/path/to/sound\", \"createTime\": \"2025-01-14T09:32:13.996\"}',1,0,'2025-01-14 09:32:14','2025-01-14 09:32:14','{}'),(16,'{\"id\": 28, \"status\": 0, \"userId\": 5, \"soundUrl\": \"/path/to/sound1\", \"createTime\": \"2025-01-14T09:40:10.984\"}',1,0,'2025-01-14 09:40:11','2025-01-14 09:40:11','{}'),(17,'{\"id\": 29, \"status\": 0, \"userId\": 5, \"soundUrl\": \"/path/to/sound2\", \"createTime\": \"2025-01-14T09:43:04.750\"}',1,0,'2025-01-14 09:43:05','2025-01-14 09:43:05','{}'),(18,'{\"id\": 30, \"status\": 0, \"userId\": 5, \"soundUrl\": \"/path/to/sound3\", \"createTime\": \"2025-01-14T09:44:07.132\"}',1,0,'2025-01-14 09:44:07','2025-01-14 09:44:07','{}'),(19,'{\"id\": 31, \"status\": 0, \"userId\": 5, \"soundUrl\": \"/path/to/sound4\", \"createTime\": \"2025-01-14T11:35:36.965\"}',1,0,'2025-01-14 11:35:37','2025-01-14 11:35:37','{}'),(20,'{\"id\": 32, \"status\": 0, \"userId\": 5, \"soundUrl\": \"/path/to/sound5\", \"createTime\": \"2025-01-14T11:37:17.235\"}',1,0,'2025-01-14 11:37:17','2025-01-14 11:37:17','{}'),(21,'{\"id\": 33, \"status\": 0, \"userId\": 5, \"soundUrl\": \"/path/to/sound6\", \"createTime\": \"2025-01-14T11:39:27.015\"}',1,0,'2025-01-14 11:39:27','2025-01-14 11:39:27','{}'),(22,'{\"id\": 34, \"status\": 0, \"userId\": 5, \"soundUrl\": \"/path/to/sound7\", \"createTime\": \"2025-01-14T11:43:24.569\"}',1,0,'2025-01-14 11:43:25','2025-01-14 11:43:25','{}'),(23,'{\"id\": 35, \"status\": 0, \"userId\": 5, \"soundUrl\": \"/path/to/sound8\", \"createTime\": \"2025-01-14T11:47:41.356\"}',1,0,'2025-01-14 11:47:41','2025-01-14 11:47:41','{}'),(24,'{\"id\": 36, \"status\": 0, \"userId\": 5, \"soundUrl\": \"/path/to/sound\", \"createTime\": \"2025-01-14T12:15:35.188\"}',1,0,'2025-01-14 12:15:35','2025-01-14 12:15:35','{}'),(25,'{\"id\": 38, \"status\": 0, \"userId\": 5, \"soundUrl\": \"/path/to/sound1\", \"createTime\": \"2025-01-14T12:17:30.290\"}',1,0,'2025-01-14 12:17:30','2025-01-14 12:17:30','{}'),(26,'{\"id\": 39, \"status\": 0, \"userId\": 5, \"soundUrl\": \"/path/to/sound2\", \"createTime\": \"2025-01-14T12:20:57.697\"}',1,0,'2025-01-14 12:20:58','2025-01-14 12:20:58','{}'),(27,'{\"id\": 40, \"status\": 0, \"userId\": 5, \"soundUrl\": \"/path/to/sound3\", \"createTime\": \"2025-01-14T12:23:48.616\"}',1,0,'2025-01-14 12:23:49','2025-01-14 12:23:49','{}'),(28,'{\"id\": 41, \"status\": 0, \"userId\": 5, \"soundUrl\": \"/path/to/sound6\", \"createTime\": \"2025-01-14T12:25:38.991\"}',1,0,'2025-01-14 12:25:39','2025-01-14 12:25:39','{}'),(29,'{\"id\": 42, \"status\": 0, \"userId\": 5, \"soundUrl\": \"/path/to/sound7\", \"createTime\": \"2025-01-14T12:29:13.610\"}',1,0,'2025-01-14 12:29:14','2025-01-14 12:29:14','{}'),(30,'{\"id\": 45, \"status\": 0, \"userId\": 5, \"soundUrl\": \"/path/to/sound9\", \"createTime\": \"2025-01-14T12:52:14.813\"}',1,0,'2025-01-14 12:52:15','2025-01-14 12:52:15','{}'),(31,'{\"id\": 46, \"status\": 0, \"userId\": 5, \"soundUrl\": \"/path/to/sound10\", \"createTime\": \"2025-01-14T13:04:33.148\"}',1,0,'2025-01-14 13:04:33','2025-01-14 13:04:33','{}'),(32,'{\"id\": 48, \"status\": 0, \"userId\": 5, \"soundUrl\": \"/path/to/sound1\", \"createTime\": \"2025-01-14T13:05:57.873\"}',1,0,'2025-01-14 13:05:58','2025-01-14 13:05:58','{}'),(33,'{\"id\": 49, \"status\": 0, \"userId\": 5, \"soundUrl\": \"/path/to/sound2\", \"createTime\": \"2025-01-14T13:16:11.229\"}',1,1,'2025-01-14 13:16:11','2025-01-14 13:16:47','{\"id\": 49, \"status\": 0, \"userId\": 5, \"soundUrl\": \"/path/to/sound2\", \"createTime\": \"2025-01-14T13:16:11.229\"}'),(34,'{\"id\": 51, \"status\": 0, \"userId\": 5, \"soundUrl\": \"/path/to/sound3\", \"createTime\": \"2025-01-14T13:18:00.640\"}',1,1,'2025-01-14 13:18:01','2025-01-14 13:18:14','{\"id\": 51, \"status\": 0, \"userId\": 5, \"soundUrl\": \"/path/to/sound3\", \"createTime\": \"2025-01-14T13:18:00.640\"}'),(35,'{\"id\": 52, \"status\": 0, \"userId\": 5, \"soundUrl\": \"/path/to/sound4\", \"createTime\": \"2025-01-14T13:20:59.208\"}',1,3,'2025-01-14 13:20:59','2025-01-14 13:21:27','{\"id\": 52, \"status\": 0, \"userId\": 5, \"soundUrl\": \"/path/to/sound4\", \"createTime\": \"2025-01-14T13:20:59.208\"}'),(36,'{\"id\": 54, \"status\": 0, \"userId\": 5, \"soundUrl\": \"/path/to/sound5\", \"createTime\": \"2025-01-14T13:22:27.113\"}',1,0,'2025-01-14 13:22:27','2025-01-14 13:22:27','{}'),(37,'{\"id\": 55, \"status\": 0, \"userId\": 5, \"soundUrl\": \"/path/to/sound6\", \"createTime\": \"2025-01-14T13:24:55.420\"}',1,0,'2025-01-14 13:24:55','2025-01-14 13:24:55','{}'),(38,'{\"id\": 57, \"status\": 0, \"userId\": 5, \"soundUrl\": \"/path/to/sound7\", \"createTime\": \"2025-01-14T13:25:47.551\"}',1,0,'2025-01-14 13:25:48','2025-01-14 13:25:48','{}'),(39,'{\"id\": 59, \"status\": 0, \"userId\": 5, \"soundUrl\": \"/path/to/sound8\", \"createTime\": \"2025-01-14T13:27:23.229\"}',1,0,'2025-01-14 13:27:23','2025-01-14 13:27:23','{}'),(40,'{\"id\": 60, \"status\": 0, \"userId\": 5, \"soundUrl\": \"/path/to/sound9\", \"createTime\": \"2025-01-14T13:33:04.272\"}',1,3,'2025-01-14 13:33:04','2025-01-14 13:33:08','{\"message\": \"当前服务器硬件不满足训练条件，训练失败！\"}'),(41,'{\"id\": 61, \"status\": 0, \"userId\": 2, \"soundUrl\": \"test.mp3\", \"createTime\": \"2025-01-14T21:35:52.381\"}',1,0,'2025-01-14 21:35:52','2025-01-14 21:35:52','{}'),(42,'{\"id\": 61, \"status\": 0, \"userId\": 2, \"soundUrl\": \"test.mp3\", \"createTime\": \"2025-01-14T21:35:52\"}',1,0,'2025-01-14 21:37:05','2025-01-14 21:37:05','{}'),(43,'{\"id\": 62, \"status\": 0, \"userId\": 5, \"soundUrl\": \"/path/to/sound10.mp3\", \"createTime\": \"2025-01-15T09:49:22.391\"}',1,0,'2025-01-15 09:49:22','2025-01-15 09:49:22','{}'),(44,'{\"page\": 7, \"content\": \"虚拟存储器的特征 \\n1.多次性：作业被分成多次调入内存运行。\\n 2.对换性：允许在作业的运行过程中换进、换出。\\n3. 虚拟性：从逻辑上扩充内存容量。\\n\", \"userPptId\": 1}',2,0,'2025-01-15 21:35:51','2025-01-15 21:35:51',NULL),(45,'{\"page\": 9, \"content\": \"5.2  请求分页存储管理方式 \\n5.2.1 请求分页中的硬件支持\\n1.请求页表机制 \\n2.缺页中断机构\\n3.地址变换机构\\n5.2.2  请求分页中的内存分配\\n1.最小物理块数的确定\\n2.内存分配策略\\n3.物理块分配算法\\n5.2.3 调页策略\\n1.何时调入页面\\n2.从何处调入页面\\n3.页面调入过程\\n5.3 页面置换算法\\n1.最佳置换算法和先进先出置换算法\\n2.最近最久未使用(LRU)置换算法\\n3.Clock置换算法\\n常用的实现虚存的方式\\n\\n软件支持\\n\", \"userPptId\": 1}',2,0,'2025-01-15 21:35:51','2025-01-15 21:35:51',NULL),(46,'{\"page\": 5, \"content\": \"实现虚拟存储器的效果\\n        可使一个大的用户程序能在较小的内存空间中运行；也可在内存同时装入更多的进程使它们并发执行。\\n        从用户的角度看，该系统所具有的内存容量，比实际容量大得多。这只是一种感觉，是虚的。故称为虚拟存储器。\\n       虚拟空间大小受内存和外存可利用的总容量限制，还受计算机总线地址结构限制，假设地址长度为32位，按字节寻址，则虚拟存储空间大小为232个字节。即32位的操作系统，用户程序最大为4G（虚存空间） 。       \\n\", \"userPptId\": 1}',2,0,'2025-01-15 21:35:51','2025-01-15 21:35:51',NULL),(47,'{\"page\": 1, \"content\": \"5.1 虚拟存储器概述 \\n一、虚拟存储器的引入\\n1. 常规存储器管理方式的特征和局部性原理\\n常规存储器管理方式的特征\\n\\n一次性。要求将作业全部装入内存才能运行，当程序大于内存时，作业无法运行。\\n \\n(2) 驻留性。装入内存中的作业一直驻留内存，直到运行结束（处于等待状态的进程也占用内存）。\\n解决方法：\\n1.物理上增加内存。要再花钱！\\n2.逻辑上扩充内存。好办法！\\n\", \"userPptId\": 1}',2,0,'2025-01-15 21:35:51','2025-01-15 21:35:51',NULL),(48,'{\"page\": 3, \"content\": \"       局限性表现在下述两个方面：\\n       (1) 时间局限性。由于程序中存在着大量的循环操作，导致如果程序中的某条指令一旦执行，则不久以后该指令可能再次执行；如果某数据被访问过，则不久以后该数据可能再次被访问。\\n\\n        (2) 空间局限性。由于程序的顺序执行，导致一旦程序访问了某个存储单元，在不久之后，其附近的存储单元也将被访问，即程序在一段时间内所访问的地址，可能集中在一定的范围之内。 \\n\", \"userPptId\": 1}',2,0,'2025-01-15 21:35:51','2025-01-15 21:35:51',NULL),(49,'{\"page\": 6, \"content\": \"二、 虚拟存储器定义和特征 \\n 虚拟存储器定义\\n         具有请求调入功能和置换功能， 能从逻辑上对内存容量加以扩充的一种存储器系统。其逻辑容量由内存容量和外存容量之和所决定，其运行速度接近于内存速度，而每位的成本却又接近于外存。\\n\\n人的智慧是无止尽的！\\n\", \"userPptId\": 1}',2,0,'2025-01-15 21:35:51','2025-01-15 21:35:51',NULL),(50,'{\"page\": 0, \"content\": \"第五章  虚拟存储器 \\n5.1 虚拟存储器概述（重点概念） \\n5.2 请求分页存储管理方式（重点掌握） \\n5.3 页面置换算法（重点掌握） \\n5.4 “抖动”与工作集（理解掌握） \\n5.5 请求分段存储管理方式（重点掌握） \\n\\n\", \"userPptId\": 1}',2,0,'2025-01-15 21:35:51','2025-01-15 21:35:51',NULL),(51,'{\"page\": 8, \"content\": \"三、虚拟存储器的实现方法 \\n1.分页请求系统 \\n      在分页系统的基础上，增加了请求调页功能和页面置换\\n功能的页式虚拟存储系统。\\n       允许只装入部分页面的程序（及数据），便启动运\\n行。以后再通过调页功能及页面置换功能，陆续地把即将\\n要运行的页面调入内存，同时把暂时不运行的页面换出到\\n外存上。置换时以页面为单位。\\n2.请求分段系统 \\n      在分段系统的基础上，增加了请求调段功能和分段置换\\n功能的段式虚拟存储系统。\\n       允许只装入若干段的程序（及数据），便启动运行。\\n以后再通过调段功能及段的置换功能，陆续地把即将要运\\n行的段调入内存，同时把暂时不运行的段换出到外存\\n上。置换时以段为单位。\\n\", \"userPptId\": 1}',2,0,'2025-01-15 21:35:51','2025-01-15 21:35:51',NULL),(52,'{\"page\": 2, \"content\": \"局部性原理\\n      早在1968年， Denning.P就曾指出如下论点： \\n       (1) 程序执行时， 除了少部分的转移和过程调用指令外， 在大多数情况下仍是顺序执行的。\\n       (2) 过程调用将会使程序的执行轨迹由一部分区域转至另一部分区域， 但经研究看出，过程调用的深度在大多数情况下都不超过5。\\n       (3) 程序中存在许多循环结构， 这些虽然只由少数指令构成， 但是它们将多次执行。\\n       (4) 程序中还包括许多对数据结构的处理，如对数组进行操作， 它们往往都局限于很小的范围内。 \\n\", \"userPptId\": 1}',2,0,'2025-01-15 21:35:51','2025-01-15 21:35:51',NULL),(53,'{\"page\": 4, \"content\": \"       基于局部性原理，程序在运行之前，没有必要全部装入内存，只需将当前运行的部分页面或段装入即可运行，其余部分暂留在磁盘上。\\n       运行时若程序要访问的页(段)已调入内存，便可继续运行下去；但若程序要访问的页(段)尚未调入内存(称为缺页或缺段)，此时程序应利用OS的请求调页(段)功能，将它们调入内存，使进程可以继续执行下去。\\n      如果此时内存已满，无法再装入新的页(段)，则还需利用页(段)的置换功能，将内存中暂时不用的页(段)调到磁盘上，腾出足够大的内存空间后，再将要访问的页(段)调入内存，使程序继续执行下去。\\n实现虚拟存储器的思想\\n\", \"userPptId\": 1}',2,0,'2025-01-15 21:35:51','2025-01-15 21:35:51',NULL),(54,'{\"page\": 10, \"content\": \"5.2  请求分页存储管理方式 \\n5.2.1 请求分页中的硬件支持 \\n1. 请求页表机制 \\n状态位P：表明该页是否在内存。\\n访问字段A：记录本页在一段时间内被访问的次数，或记录本页最近有多长时间未被访问，供换出页面时参考。\\n修改位M：查看此页在调入内存后是否被修改过。供置换页面时参考。\\n外存地址：指出该页在外存上的地址（磁盘块号），供调入该页时参考。\\n常用的实现虚存的方式\\n\", \"userPptId\": 1}',2,0,'2025-01-15 21:35:52','2025-01-15 21:35:52',NULL),(55,'{\"page\": 12, \"content\": \"2. 缺页中断机构 \\n      要访问的页不在内存时，便产生了一个缺页中断，请求操作系统将该页面调入内存。缺页中断同其它中断一样要经历CPU环境保护、分析中断原因、转入中断处理程序、恢复CPU环境等步骤。但缺页中断又是一种特殊的中断。\\n1、这种中断在指令执行期间产生\\n    和处理中断信号。\\n2、一条指令在执行期间可能产生\\n    多次缺页中断。\\n\", \"userPptId\": 1}',2,0,'2025-01-15 21:35:52','2025-01-15 21:35:52',NULL),(56,'{\"page\": 14, \"content\": \"5.2.2  请求分页中的内存分配 \\n系统给各个进程各自分配多少物理块呢？\\n1. 最小物理块数的确定 \\n    最小物理块数是指能保证进程正常运行所需的物理块数，少于此值，进程将无法运行。\\n      取决于指令的格式、功能和寻址方式。所需的最小物理块为2、3、6。\\n\", \"userPptId\": 1}',2,0,'2025-01-15 21:35:52','2025-01-15 21:35:52',NULL),(57,'{\"page\": 13, \"content\": \"3. 地址变换机构 \\n在快表中加入新访问的页表项\\n修改快表中对应页表项的访问位和修改位\\n\", \"userPptId\": 1}',2,0,'2025-01-15 21:35:52','2025-01-15 21:35:52',NULL),(58,'{\"page\": 11, \"content\": \"\\n\\nP（Present），如果P=1，表示页装入到内存，如果P=0，表示不在内存。\\nR/W（Read/Write），第2位是U/S（User/Supervisor）位，这两位为页表或页提供硬件保护。\\nA是访问位，当对相应的物理页面进行访问时，该位置1。\\n例： Linux的页表结构\\n\", \"userPptId\": 1}',2,0,'2025-01-15 21:35:52','2025-01-15 21:35:52',NULL),(59,'{\"page\": 17, \"content\": \"2)可变分配全局置换：先为每个进程分配一定数目的\\n物理块，而OS也保持一个空闲物理块队列。当某进程缺页\\n时，由系统从空闲物理块队列中，取出一个物理块分配给该\\n进程。仅当空闲物理块用完时，OS才从内存中选择一页\\n（任意进程的页）调出。\\n易于实现，已用于OS中。\\n3)可变分配局部置换：为每个进程分配一定数目的物理块，\\n换页时只能从该进程的n个页面中选出一页换出。若进程频\\n繁缺页，则系统再为该进程分配若干物理块；反之则反。\\n\", \"userPptId\": 1}',2,0,'2025-01-15 21:35:52','2025-01-15 21:35:52',NULL),(60,'{\"page\": 16, \"content\": \"固定分配局部置换：为每个进程分配的物理块\\n数目固定；换页时只能从该进程的n个页面中选出\\n一页换出。\\n特点：难以确定为每个进程分配多少物理块\\n太少，会频繁出现缺页中断，系统吞吐量降低；\\n太多，使内存中驻留的进程数目减少，造成CPU空闲和其它资源的空闲。\\n\", \"userPptId\": 1}',2,0,'2025-01-15 21:35:52','2025-01-15 21:35:52',NULL),(61,'{\"page\": 18, \"content\": \"3. 物理块分配算法 \\n 1) 平均分配算法\\n     将系统中所有可供分配的物理块，平均分配给各个进程。\\n2) 按比例分配算法\\n      根据进程的大小按比例分配物理块的算法。\\n3) 考虑优先权的分配算法\\n      优先权高的进程分配的数目多些。\\n如何将系统中的物理块分配给各个进程？\\n\", \"userPptId\": 1}',2,0,'2025-01-15 21:35:52','2025-01-15 21:35:52',NULL),(62,'{\"page\": 15, \"content\": \"2. 内存分配策略 \\n    在请求分页系统中，可采取\\n     两种内存分配策略：固定和可变分配策略。\\n     两种置换策略：全局置换和局部置换。\\n     于是可组合出以下三种适用的策略。\\n\\n          1) 固定分配局部置换\\n          2) 可变分配全局置换\\n          3) 可变分配局部置换\\n\", \"userPptId\": 1}',2,0,'2025-01-15 21:35:52','2025-01-15 21:35:52',NULL),(63,'{\"page\": 19, \"content\": \"5.2.3 调页策略\\n1. 何时调入页面 \\n预调页策略  \\n           将那些预计在不久之后会被访问的页面预先调入内\\n存，目前成功率仅约50%。\\n\\n2) 请求调页策略 \\n         进程在运行中，访问的页面不在内存，由OS调入。\\n目前采用。\\n\", \"userPptId\": 1}',2,0,'2025-01-15 21:35:52','2025-01-15 21:35:52',NULL),(64,'{\"page\": 20, \"content\": \"2. 从何处调入页面 \\n分成如下三种情况：\\n        (1) 系统拥有足够的对换区空间，这时可以全部从对换区调入所需页面，以提高调页速度。为此，在进程运行前， 须将与该进程有关的文件，从文件区拷贝到对换区。\\n     (2) 系统缺少足够的对换区空间，这时凡是不会被修改的文件，都直接从文件区调入；而当换出这些页面时，由于它们未被修改而不必再将它们换出，以后再调入时，仍从文件区直接调入。但对于那些可能被修改的部分，在将它们换出时，须调到对换区，以后需要时，再从对换区调入。\\n    (3)UNIX方式。未运行过的页面，从文件区调入；曾经运行过但又被换出的页面，从兑换区调入。\\n\", \"userPptId\": 1}',2,0,'2025-01-15 21:35:52','2025-01-15 21:35:52',NULL),(65,'{\"page\": 21, \"content\": \"\\n        3. 页面调入过程\\n         页面未在内存时（存在位为“0”），便向CPU发出一缺页中断，中断处理程序首先保留CPU环境，分析中断原因后， 转入缺页中断处理程序。\\n        该程序通过查找页表，得到该页在外存的物理块后， 如果此时内存能容纳新页，则启动磁盘I/O将所缺之页调入内存，然后修改页表。如果内存已满，则须先按照某种置换算法从内存中选出一页准备换出；如果换出的页未被修改过（修改位为“0”），可不必写回磁盘；但如果此页已被修改，则必须将它写回磁盘。然后再把所缺的页调入内存，并修改页表中的相应表项，置其存在位为“1”，并将此页表项写入快表中。\\n       在缺页调入内存后，利用修改后的页表，去形成所要访问数据的物理地址，再去访问内存数据。 \\n\", \"userPptId\": 1}',2,0,'2025-01-15 21:35:52','2025-01-15 21:35:52',NULL),(66,'{\"page\": 25, \"content\": \"2. 先进先出(FIFO)页面置换算法\\nFIFO方法的特点： 实现方便。不需要额外硬件。\\n 但效果不好，有Belady异常（由Belady于1969年发现）。\\nBelady异常：分配的物理块数目增大，缺页次数不减反增。\\n发生了15次缺页，缺页率  f = 15 / 19\\n发生了12次页面置换    \\n\", \"userPptId\": 1}',2,0,'2025-01-15 21:35:52','2025-01-15 21:35:52',NULL),(67,'{\"page\": 22, \"content\": \"4. 缺页率\\n　　假设一个进程的逻辑空间为n页，系统为其分配的内存物理块数为m(m≤n)。如果在进程的运行过程中，访问页面成功(即所访问页面在内存中)的次数为S，访问页面失败(即所访问页面不在内存中，需要从外存调入)的次数为F，则该进程总的页面访问次数为A=S+F，那么该进程在其运行过程中的缺页率为：\\n\", \"userPptId\": 1}',2,0,'2025-01-15 21:35:52','2025-01-15 21:35:52',NULL),(68,'{\"page\": 23, \"content\": \"5.3 页面置换算法 \\n5.3.1 最佳置换算法和先进先出置换算法\\n        1. 最佳(Optimal)置换算法(OPT:Optimal replacement)\\n        最佳置换算法是由Belady于1966年提出的一种理论上的算法。 其所选择的被淘汰页面，将是以后永不使用的， 或是在(未来)很长时间内不再被访问的页面。采用最佳置换算法，通常可保证获得最低的缺页率。 \\n即决定把哪个页面换出的算法\\n\", \"userPptId\": 1}',2,0,'2025-01-15 21:35:52','2025-01-15 21:35:52',NULL),(69,'{\"page\": 26, \"content\": \" \\nFIFO置换算法出现的Belady异常 \\n9次\\n10次\\n\", \"userPptId\": 1}',2,0,'2025-01-15 21:35:52','2025-01-15 21:35:52',NULL),(70,'{\"page\": 28, \"content\": \"2. LRU置换算法的实现 \\n         1) 寄存器（硬件实现）\\n        为了记录某进程在内存中各页的使用情况，须为每个在内存中的页面配置一个移位寄存器，可表示为 \\nR=Rn-1Rn-2Rn-3 … R2R1R0 \\n为了快速知道哪一页是最近最久未使用的页面。\\n\", \"userPptId\": 1}',2,0,'2025-01-15 21:35:52','2025-01-15 21:35:52',NULL),(71,'{\"page\": 24, \"content\": \"       假定系统为某进程分配了三个物理块， 并考虑以下的页面号引用串：\\n7，0，1，2，0，3，0，4，2，3，0，3，2，1，2，0，1，7，0，1\\n       进程运行时， 先将7，0，1三个页面装入内存。当进程要访问页面2时，此时OS根据最佳置换算法，将选择页面7予以淘汰。 \\n向将来看！\\n理想化，难于实现！\\n发生了9次缺页，缺页率  f = 9 / 19\\n发生了6次页面置换    \\n\", \"userPptId\": 1}',2,0,'2025-01-15 21:35:52','2025-01-15 21:35:52',NULL),(72,'{\"page\": 27, \"content\": \"5.3.2 最近最久未使用(LRU)置换算法 \\n1. LRU(Least Recently Used)置换算法的描述 \\n向过去看！\\n用过去去预测未来\\n比较好！\\n\", \"userPptId\": 1}',2,0,'2025-01-15 21:35:52','2025-01-15 21:35:52',NULL),(73,'{\"page\": 29, \"content\": \"        当进程访问某物理块时,将相应的移位寄存器的Rn-1（即最高位）位置成1,定时信号每隔一定时间将寄存器右移一位。\\n应换出哪个页面？\\n\", \"userPptId\": 1}',2,0,'2025-01-15 21:35:52','2025-01-15 21:35:52',NULL),(74,'{\"page\": 30, \"content\": \"2） 时间戳\\n使用时刻（时间戳），选有最小时间戳的页面淘汰。\\n缺点：每执行一条指令都需要修改时间戳的信息，且时间戳很容易溢出。\\n2\\n2\\n1\\n\", \"userPptId\": 1}',2,0,'2025-01-15 21:35:53','2025-01-15 21:35:53',NULL),(75,'{\"page\": 32, \"content\": \"5.3.3  Clock置换算法 \\n简单的Clock置换算法\\n（也叫最近未用算法NRU:Not Recently Used） \\nLRU算法的准确实现代价较大，实际中大多采用LRU的近似算法。\\n把进程在内存中的页面通过链接指针链接成一个循环队列\\n\\n替换指针指向当前页面\\n\", \"userPptId\": 1}',2,0,'2025-01-15 21:35:53','2025-01-15 21:35:53',NULL),(76,'{\"page\": 34, \"content\": \"重置0的含义：在以后的时间内可能还被访问。\\n若真的再被访问，就从0变为1。\\n象时钟一样，所一叫“clock”\\n\", \"userPptId\": 1}',2,0,'2025-01-15 21:35:53','2025-01-15 21:35:53',NULL),(77,'{\"page\": 31, \"content\": \"3) 栈 \\n       用一个特殊的栈保存当前使用的各个页面的页面号，当进程访问某页面时，将该页面的页面号从栈中移出，将它压入栈顶。\\n栈底元素就是很久没有被访问的页面\\n缺点和时间戳的方法类似（栈可能溢出）。\\n\", \"userPptId\": 1}',2,0,'2025-01-15 21:35:53','2025-01-15 21:35:53',NULL),(78,'{\"page\": 36, \"content\": \"例：一个作业共5页，作业执行时一次访问如下页面：0，3，2，0，1，4，0，3，1，0，3，4，若分配给该作业的主存块数为3，采用Clock页面置换算法，试求出缺页中断的次数及缺页率。\\n0      3        2       0        1        4        0\\n3       1      0       3       4 \\n缺页\\n缺页\\n缺页\\n缺页\\n\\n缺页\\n缺页\\n缺页\\n\\n缺页\\n缺页\\n缺页9次\\n缺页率75%\\n\\n\", \"userPptId\": 1}',2,0,'2025-01-15 21:35:53','2025-01-15 21:35:53',NULL),(79,'{\"page\": 33, \"content\": \" 简单的Clock置换算法的流程 \\n将页面的访问时间变为是或否\\n\", \"userPptId\": 1}',2,0,'2025-01-15 21:35:53','2025-01-15 21:35:53',NULL),(80,'{\"page\": 35, \"content\": \"例：一个作业共5页，作业执行时一次访问如下页面：0，3，2，0，1，4，0，3，1，0，3，4，若分配给该作业的主存块数为3，采用Clock页面置换算法，试求出缺页中断的次数及缺页率。\\n0       3        2        0        1                \\n缺页\\n缺页\\n缺页\\n缺页\\n\", \"userPptId\": 1}',2,0,'2025-01-15 21:35:53','2025-01-15 21:35:53',NULL),(81,'{\"page\": 37, \"content\": \"2. 改进型Clock置换算法 \\n同时考虑页面的使用情况和修改情况。\\n      在将一个页面换出时,若该页已被修改过,便将该页重新写回磁盘;如果该页未被修改过,则不必将它写回磁盘。\\n\\n     改进型Clock算法：在Clock算法的访问位A基础上加一个修改位M。\\n\", \"userPptId\": 1}',2,0,'2025-01-15 21:35:53','2025-01-15 21:35:53',NULL),(82,'{\"page\": 38, \"content\": \"       由访问位A和修改位M可以组合成下面四种类型的页面：\\n       1类(A=0, M=0): 表示该页最近既未被访问，又未被修改，是最佳淘汰页。\\n       2类(A=0, M=1)： 表示该页最近未被访问，但已被修改，并不是很好的淘汰页。\\n       3类(A=1, M=0)： 最近已被访问， 但未被修改，该页有可能再被访问。\\n       4类(A=1, M=1): 最近已被访问且被修改，该页可能再被访问。 \\n\", \"userPptId\": 1}',2,0,'2025-01-15 21:35:53','2025-01-15 21:35:53',NULL),(83,'{\"page\": 39, \"content\": \"    其执行过程可分成以下四步（和教材中的三步思路一样）：\\n       (1) 从指针所指示的当前位置开始， 扫描循环队列， 寻找A=0且M=0的第一类页面， 将所遇到的第一个页面作为所选中的淘汰页。 在第一次扫描期间不改变访问位A（改变访问位会对第2步产生影响）。\\n       (2) 如果第一步失败，即查找一周后未遇到第一类页面， 则开始第二轮扫描，寻找A=0且M=1的第二类页面，将所遇到的第一个这类页面作为淘汰页。在第二轮扫描期间，将所有扫描过的页面的访问位都置0。\\n      (3) 第三遍找A=0,M=0的页面,有则淘汰（其实这里的A=0,M=0的页面是由A=1,M=0的页面被第2步修改形成的）。\\n      (4)第四遍找A=0,M=1的页面,(肯定会找到）。其实这里的A=0,M=1的页面是由A=1,M=1的页面被第2步修改形成的）\\n\\n\", \"userPptId\": 1}',2,0,'2025-01-15 21:35:53','2025-01-15 21:35:53',NULL),(84,'{\"page\": 40, \"content\": \"5.3.4  其它置换算法(自学内容) \\n最少使用(LFU： Least Frequently Used)置换算法\\n\\n\\n2. 页面缓冲算法(PBA： Page Buffering Algorithm) \\n\", \"userPptId\": 1}',2,0,'2025-01-15 21:35:53','2025-01-15 21:35:53',NULL),(85,'{\"page\": 42, \"content\": \"（3）若采用时钟（CLOCK）置换算法，该逻辑地址对应的物理地址是多少？要求给出计算过程（设搜索下一页的指针沿顺时针方向移动，且当前指向2号页框，示意图如下）。\\n\", \"userPptId\": 1}',2,0,'2025-01-15 21:35:53','2025-01-15 21:35:53',NULL),(86,'{\"page\": 41, \"content\": \"（10年）设某计算机的逻辑地址空间和物理地址空间均为64 KB，按字节编址。若某进程最多需要6页（Page）数据存储空间，页的大小为1 KB，操作系统采用固定分配局部置换策略为此进程分配4个页框（Page Frame）。在时刻260前,该进程访问情况如下表所示（访问位即使用位）。\\n当该进程执行到时刻260时，要访问逻辑地址为17CAH的数据。请回答下列问题：\\n（1）该逻辑地址对应的页号是多少？ \\n（2）若采用先进先出（FIFO）置换算法，该逻辑地址对应的物理地址是多少？要求给出计算过程。\\n（1）因17CAH = 0001 0111 1100 1010B，表示页号的位为左边6位，所以页号为5。\\n（2）根据FIFO算法，需要替换装入时间最早的页，故需要置换装入时间最早的0号页，即将5号页装入7号页框中，所以物理地址为0001 1111 1100 1010B，换算成十六进制，为1FCAH。\\n\", \"userPptId\": 1}',2,0,'2025-01-15 21:35:53','2025-01-15 21:35:53',NULL),(87,'{\"page\": 45, \"content\": \"5.3.5 访问内存的有效时间EAT\\n               如: LOAD  1,2500\\n\\n访问快表的时间为λ\\n访问内存时间为t\\n（2）被访问的页在内存，对应的页表项不在快表中\\n查找快表λ\\n查找页表t\\n更新块表λ\\n访问物理地址t\\nEAT= λ+t+λ+t\\n\", \"userPptId\": 1}',2,0,'2025-01-15 21:35:53','2025-01-15 21:35:53',NULL),(88,'{\"page\": 43, \"content\": \"解：\\n（3）根据CLOCK算法，如果当前指针所指页框的使用位为0，则替换该页；否则将使用位清零，并将指针指向下一个页框，继续查找。根据题设和示意图，将从2号页框开始，前4次查找页框号的顺序为2479，并将对应页框的使用位清零。在第5次查找中，指针指向2号页框，因2号页框的使用位为0，故淘汰2号页框对应的2号页，把5号页装入2号页框中，并将对应使用位设置为1，所以对应的物理地址为0000 1011 1100 1010B，换算成十六进制，为0BCAH。\\n\", \"userPptId\": 1}',2,0,'2025-01-15 21:35:53','2025-01-15 21:35:53',NULL),(89,'{\"page\": 44, \"content\": \"5.3.5 访问内存的有效时间EAT\\n               如: LOAD  1,2500\\n                                 经过：地址变换\\n                                      到内存取数据\\n\\n访问快表的时间为λ\\n访问内存时间为t\\n（1）被访问的页在内存，对应的页表项在快表中\\n查找快表λ\\n访问物理地址t\\nEAT= λ+t\\n\", \"userPptId\": 1}',2,0,'2025-01-15 21:35:53','2025-01-15 21:35:53',NULL),(90,'{\"page\": 46, \"content\": \"\\n\\n（3）被访问的页不在内存\\n\\n查找快表λ 、查找页表t、\\n处理缺页中断ε、更新快表λ 、访问物理地址t\\n\\nETA=λ+t+ε+λ+t\\n5.3.5 访问内存的有效时间EAT\\n               如: LOAD  1,2500\\n\\n\", \"userPptId\": 1}',2,0,'2025-01-15 21:35:53','2025-01-15 21:35:53',NULL),(91,'{\"page\": 48, \"content\": \"（09年）请求分页管理系统中，假设某进程的页表内容如下表所示： \\n\", \"userPptId\": 1}',2,0,'2025-01-15 21:35:53','2025-01-15 21:35:53',NULL),(92,'{\"page\": 47, \"content\": \"           页面大小为4KB，一次内存的访问时间是100ns，一次快表（TLB）的访问时间是10ns，处理一次缺页的平均时间为108ns（已含更新TLB和页表的时间），进程的驻留集大小固定为2，采用最近最少使用置换算法（LRU）和局部淘汰策略。假设①TLB初始为空；②地址转换时先访问TLB，若TLB未命中，再访问页表（忽略访问页表之后的TLB更新时间）；③有效位为0表示页面不在内存，产生缺页中断，缺页中断处理后，返回到产生缺页中断的指令处重新执行。设有虚地址访问序列2362H、1565H、25A5H，请问：\\n（1）依次访问上述三个虚地址，各需多少时间？给出计算过程。\\n（2）基于上述访问序列，虚地址1565H的物理地址是多少？请说明理由。\\n（09年）请求分页管理系统中，假设某进程的页表内容如下表所示： \\n\", \"userPptId\": 1}',2,0,'2025-01-15 21:35:53','2025-01-15 21:35:53',NULL),(93,'{\"page\": 49, \"content\": \"【解析】 本题考查页式存储器管理的相关内容，包括页表项计算及缺页中断处理等 。\\n（ 1 ）因为每页大小为 4KB ，页内位移为 12 位（二进制位）或 3 位（十六进制位 ） ，逻辑地址 2362H 的页号为第一个 16 进制位（也可转化为二进制，得 0002 0011 0110 0010B ，则对应的页号为前四个二进制位 ） ，即为 2 ，通过查询页表得知，该页在内存，但初始 TLB为空，因此 2362H 的访问时间为 10ns （访问 TLB ） + 100ns （访问页表） + 100ns （访问内存单元） = 210ns 。\\n\", \"userPptId\": 1}',2,0,'2025-01-15 21:35:53','2025-01-15 21:35:53',NULL),(94,'{\"page\": 51, \"content\": \"（ 2 ） 1565H 对应的物理地址是 101565H ；在上一题中，当访问1565H 时产生缺页中断时，内存中已经有2页， 达到驻留集大小上限，应选出一页换出，由于在之前刚访问过2362H地址，2号页面刚被访问，因此根据 LRU 算法，淘汰0号页面，即页框号为101H 的页面，换入1号页面到101H页框中，所以虚地址 1565H 的物理地址为页框号101H与页内位移 565H的组合，即101565H 。\\n\", \"userPptId\": 1}',2,0,'2025-01-15 21:35:53','2025-01-15 21:35:53',NULL),(95,'{\"page\": 50, \"content\": \"            同理逻辑地址 1565H 对应的页号为 1 ， 该页不在内存 ， 出现缺页中断 ， 缺页中断处理后 ，返回到产生缺页中断的指令处重新执行 ， 需要访问一次 TLB 。 所以 ， 1565H 的访问时间为 10ns（访问 TLB ） +100ns （访问页表） + 108ns （调页）  + 100ns （访问内存单元） ≈ 108ns 。\\n\\n           逻辑地址 25A5H 对应的页号为 2 ， 该页在内存 ， TLB 命中 ， 所以 ， 25A5H 的访问时间 =10ns（访问 TLB ）+100ns （访问内存单元）=110ns 。\\n\\n\", \"userPptId\": 1}',2,0,'2025-01-15 21:35:53','2025-01-15 21:35:53',NULL),(96,'{\"page\": 52, \"content\": \"            抖动现象：进程运行过程中，刚刚被淘汰的页面很快被重新调入，调入不久再次被淘汰，如此反复，以致大部分处理机时间都用于页面置换，只有小部分时间用于进程的实际运行。\\n\\n        抖动产生原因：系统中运行的进程太多，导致分配给每个进程的物理块太少， 进程在运行时，频繁地出现缺页，需要OS将访问的页面从磁盘调入内存。\\n           \\n5.4  “抖动” \\n\", \"userPptId\": 1}',2,0,'2025-01-15 21:35:53','2025-01-15 21:35:53',NULL),(97,'{\"page\": 54, \"content\": \"例：如果Δ=10，在t1时刻的工作集是w(t1, 10)={1,2,5,6,7}，在t2时刻的工作集w(t2, 10)={3,4}。\\n… 2 6 1 5 7 7 7 7 5 1 6 2 3 4 1 2 3 4 4 4 3 4 3 4 4 4 1 3 2 3 4 4 4 3 4 …\\n\\n\\nt1\\nt2\\n工作集反映了进程在接下来一段时间内很有可能会频繁访问的页面集合。因此，若分配给进程的物理块小于工作集大小，则该进程就很有可能频繁缺页，所以为了防止抖动现象，一般来说分配给进程的物理块数（即驻留集大小）要大于工作集大小。 \\n\", \"userPptId\": 1}',2,0,'2025-01-15 21:35:53','2025-01-15 21:35:53',NULL),(98,'{\"page\": 53, \"content\": \"工作集：在某段时间间隔Δ里，进程实际要访问的页面的集合。用过去某段时间内的行为作为将来某段时间行为的近似。\\n      用w(t, Δ)表示t-Δ到t之间进程所访问的不同页面，则w(t, Δ)即为进程在时间t的工作集。 变量Δ称为工作集的“窗口尺寸”。\\n\\n例：如果Δ=10，在t1时刻的工作集是w(t1, 10)={1,2,5,6,7}，在t2时刻的工作集是w(t2, 10)={3,4}。\\n… 2 6 1 5 7 7 7 7 5 1 6 2 3 4 1 2 3 4 4 4 3 4 3 4 4 4 1 3 2 3 4 4 4 3 4 …\\n\\n\\nt1\\nt2\\n\", \"userPptId\": 1}',2,0,'2025-01-15 21:35:53','2025-01-15 21:35:53',NULL),(99,'{\"page\": 55, \"content\": \"工作集是Δ的非降函数w(t, Δ)  ⊆w(t, Δ+1)  \\n引用页面序列\\n窗口大小\\n3                     4                          5\\n\", \"userPptId\": 1}',2,0,'2025-01-15 21:35:53','2025-01-15 21:35:53',NULL),(100,'{\"page\": 56, \"content\": \"     工作集模型的原理：\\n让操作系统跟踪每个进程的工作集，并为进程分配大于其工作集的物理块。落在工作集内的页面需要调入驻留集中，而落在工作集外的页面可以从驻留集中换出。\\n若还有空闲物理块，则可以再调一个进程到内存以增加多道程序数。\\n若所有进程的工作集之和超过了可用物理块的总数，操作系统会暂停一个进程，将其页面调出并将其物理块分配给其他进程， 防止出现抖动现象。\\n\", \"userPptId\": 1}',2,0,'2025-01-15 21:35:53','2025-01-15 21:35:53',NULL),(101,'{\"page\": 57, \"content\": \"5.5 请求分段存储管理方式 \\n\\t\\t虚拟段式分配又称为请求分段，在程序装入时，只需调入几个分段而不是所有的分段。随着程序的运行，如果需要访问的段不在内存，请求操作系统把需要的段调入内存。 \\n\", \"userPptId\": 1}',2,0,'2025-01-15 21:35:53','2025-01-15 21:35:53',NULL),(102,'{\"page\": 59, \"content\": \"2. 缺段中断机构 \\n请求分段系统中的中断处理过程\\n\", \"userPptId\": 1}',2,0,'2025-01-15 21:35:53','2025-01-15 21:35:53',NULL),(103,'{\"page\": 58, \"content\": \"5.5.1 请求分段中的硬件支持 \\n1. 段表机制\\n(1) 存取方式：表明本段是只执行、只读，还是允许读/写。\\n(2) 访问字段A ：用于记录该段被访问的频繁程度。\\n(3) 修改位M：用于记录该段在进入内存后是否被修改过。\\n(4) 存在位P ：记录该段是否已调入内存。\\n(5) 增补位：表明本段在运行过程中，是否做过动态增长。\\n(6) 外存始址：表明本段在外存中的起始盘号。\\n\", \"userPptId\": 1}',2,0,'2025-01-15 21:35:53','2025-01-15 21:35:53',NULL),(104,'{\"page\": 60, \"content\": \"3. 地址变换机构 \\n\", \"userPptId\": 1}',2,0,'2025-01-15 21:35:54','2025-01-15 21:35:54',NULL),(105,'{\"page\": 61, \"content\": \"     例:假如一个程序的段表如下所示，其中存在位为1表示段在内存，存取控制字段W表示可写，R表示可读，E表示可执行。对下面的指令，在执行时会产生什么样的结果？\\n\", \"userPptId\": 1}',2,0,'2025-01-15 21:35:54','2025-01-15 21:35:54',NULL),(106,'{\"page\": 62, \"content\": \"5.5.2 分段的共享与保护 \\n1. 共享段表 \\n共享段表项 \\nOS记录所有共享段的信息的数据结构\\n\", \"userPptId\": 1}',2,0,'2025-01-15 21:35:54','2025-01-15 21:35:54',NULL),(107,'{\"page\": 63, \"content\": \"2. 共享段的分配与回收 \\n       1) 共享段的分配\\n       在为共享段分配内存时，对第一个请求使用该共享段的进程，由系统为该共享段分配一物理区，再把共享段调入该区，同时将该区的始址填入请求进程的段表的相应项中，还须在共享段表中增加一表项，填写有关数据，把count置为1；之后，当又有其它进程需要调用该共享段时，由于该共享段已被调入内存，故此时无须再为该段分配内存，而只需在调用进程的段表中，增加一表项，填写该共享段的物理地址；在共享段的段表中，填上调用进程的进程名、存取控制等，再执行count∶=count+1操作，以表明有两个进程共享该段。 \\n\", \"userPptId\": 1}',2,0,'2025-01-15 21:35:54','2025-01-15 21:35:54',NULL),(108,'{\"page\": 65, \"content\": \"3. 分段保护 \\n越界检查(通过段号和段长的比较)，保证每个进程不越界。 \\n2) 存取控制检查  (1)只读  (2) 只执行 (3) 读/写 （存取控制字段）\\n对共享段而言，非常重要。\\n3) 环保护机构 \\n一个程序可以访问驻留在相同环或较低特权环中的数据。 \\n一个程序可以调用驻留在相同环或较高特权环中的服务。 \\n\", \"userPptId\": 1}',2,0,'2025-01-15 21:35:54','2025-01-15 21:35:54',NULL),(109,'{\"page\": 66, \"content\": \"环保护机构 \\n低编号的环特权级最高，OS位于0号环内；\\n重要的实用程序和操作系统服务占居中间环；\\n一般的应用程序，安排在外环上。\\n\", \"userPptId\": 1}',2,0,'2025-01-15 21:35:54','2025-01-15 21:35:54',NULL),(110,'{\"page\": 64, \"content\": \"         2) 共享段的回收\\n        当共享此段的某进程不再需要该段时，应将该段释放，包括撤消在该进程段表中共享段所对应的表项，以及执行count∶=count-1操作，若结果为0，则须由系统回收该共享段的物理内存，以及取消在共享段表中该段所对应的表项，表明此时已没有进程使用该段；否则(减1结果不为0)， 则只是取消该进程在共享段表中的有关记录。 \\n\", \"userPptId\": 1}',2,0,'2025-01-15 21:35:54','2025-01-15 21:35:54',NULL),(111,'{\"page\": 68, \"content\": \"(19年)在分段存储管理系统中，用共享段表描述所有被共享的段，若进程P1和P2共享段S，下列叙述中，错误的是（）\\nA.在物理内存中仅保存一份段S的内容\\nB.段S在P1和P2中应该具有相同的段号\\nC.P1和P2共享段S在共享段表中的段表项\\nD.P2和P2都不再使用段S时才回收段S所占的内存空间\\nB\\n\", \"userPptId\": 1}',2,0,'2025-01-15 21:35:54','2025-01-15 21:35:54',NULL),(112,'{\"page\": 67, \"content\": \"\", \"userPptId\": 1}',2,0,'2025-01-15 21:35:54','2025-01-15 21:35:54',NULL),(113,'{\"page\": 69, \"content\": \"Slide Title: Any Question ?\\nAny Question ?\\nThank you !!!\\n\", \"userPptId\": 1}',2,0,'2025-01-15 21:35:54','2025-01-15 21:35:54',NULL),(114,'{\"id\": 63, \"status\": 0, \"userId\": 5, \"soundUrl\": \"/path/to/sound11.mp3\", \"soundName\": \"用户测试\", \"createTime\": \"2025-01-19T11:42:51.756\"}',1,0,'2025-01-19 11:42:52','2025-01-19 11:42:52',NULL),(115,'{\"id\": 64, \"status\": 0, \"userId\": 6, \"soundUrl\": \"http://121.43.62.36:9000/mp3/1736845832691_test.mp3\", \"createTime\": \"2025-01-19T07:32:16.613\"}',1,0,'2025-01-19 07:32:17','2025-01-19 07:32:17',NULL),(116,'{\"id\": 64, \"status\": 0, \"userId\": 6, \"soundUrl\": \"http://121.43.62.36:9000/mp3/1736845832691_test.mp3\", \"createTime\": \"2025-01-19T07:32:17\"}',1,0,'2025-01-19 07:32:21','2025-01-19 07:32:21',NULL),(117,'{\"id\": 65, \"status\": 0, \"userId\": 2, \"soundUrl\": \"123.mp3\", \"soundName\": \"123\", \"createTime\": \"2025-01-19T16:59:18.854\"}',1,3,'2025-01-19 16:59:19','2025-01-19 16:59:19','{\"failReason\": \"声音库训练任务超时\"}'),(118,'{\"id\": 64, \"status\": 0, \"userId\": 6, \"soundUrl\": \"http://121.43.62.36:9000/mp3/1736845832691_test.mp3\", \"createTime\": \"2025-01-19T07:32:17\"}',1,0,'2025-01-19 10:06:42','2025-01-19 10:06:42',NULL),(119,'{\"id\": 64, \"status\": 0, \"userId\": 6, \"soundUrl\": \"http://121.43.62.36:9000/mp3/1736845832691_test.mp3\", \"createTime\": \"2025-01-19T07:32:17\"}',1,0,'2025-01-19 10:08:21','2025-01-19 10:08:21',NULL);
/*!40000 ALTER TABLE `task` ENABLE KEYS */;
UNLOCK TABLES;

--
-- Table structure for table `user`
--

DROP TABLE IF EXISTS `user`;
/*!40101 SET @saved_cs_client     = @@character_set_client */;
/*!50503 SET character_set_client = utf8mb4 */;
CREATE TABLE `user` (
  `id` int NOT NULL AUTO_INCREMENT COMMENT 'ID',
  `name` varchar(100) NOT NULL,
  `email` varchar(100) NOT NULL,
  `phone` varchar(100) NOT NULL,
  `username` varchar(100) NOT NULL COMMENT '/',
  `password` varchar(255) NOT NULL,
  `created_time` timestamp NULL DEFAULT CURRENT_TIMESTAMP,
  `updated_time` timestamp NULL DEFAULT CURRENT_TIMESTAMP,
  `head_img` varchar(100) DEFAULT NULL,
  PRIMARY KEY (`id`),
  UNIQUE KEY `email` (`email`),
  UNIQUE KEY `phone` (`phone`),
  UNIQUE KEY `username` (`username`)
) ENGINE=InnoDB AUTO_INCREMENT=8 DEFAULT CHARSET=utf8mb4 COLLATE=utf8mb4_0900_ai_ci;
/*!40101 SET character_set_client = @saved_cs_client */;

--
-- Dumping data for table `user`
--

LOCK TABLES `user` WRITE;
/*!40000 ALTER TABLE `user` DISABLE KEYS */;
INSERT INTO `user` VALUES (1,'','1939729609@qq.com','46236141025','','k+glZME5LBcwGi+tx9vmJg==','2025-01-05 17:45:05','2025-01-05 09:45:05','https://s2.loli.net/2025/01/09/UNMOVLJAFs7YCBk.png'),(2,'lzc','291396312@qq.com','18570687868','lzc','CwIfXN2Osf90jwST7FA6yg==','2025-01-05 21:15:25','2025-01-05 13:15:24','http://121.43.62.36:9000/img/1737363230908_f4e04c3f5fe59d8662f5787cd3f047fa.png'),(5,'make','484005691@qq.com','13464696188','Make','k+glZME5LBcwGi+tx9vmJg==','2025-01-05 21:28:35','2025-01-05 13:28:35','https://s2.loli.net/2025/01/09/UNMOVLJAFs7YCBk.png'),(6,'112','3515746178@qq.com','12345678902','111','k+glZME5LBcwGi+tx9vmJg==','2025-01-08 13:22:44','2025-01-08 13:22:44','http://121.43.62.36:9000/img/1737271893796_b4c0c917082a47f5cd0a2342607603d8.jpg'),(7,'make1938','fzw1938@163.com','028 8847 4323','make1938','k+glZME5LBcwGi+tx9vmJg==','2025-01-11 15:11:43','2025-01-11 07:11:43','https://s2.loli.net/2025/01/09/UNMOVLJAFs7YCBk.png');
/*!40000 ALTER TABLE `user` ENABLE KEYS */;
UNLOCK TABLES;

--
-- Table structure for table `user_file`
--

DROP TABLE IF EXISTS `user_file`;
/*!40101 SET @saved_cs_client     = @@character_set_client */;
/*!50503 SET character_set_client = utf8mb4 */;
CREATE TABLE `user_file` (
  `id` int NOT NULL AUTO_INCREMENT,
  `user_id` int DEFAULT NULL,
  `file_id` int DEFAULT NULL,
  `create_time` timestamp NULL DEFAULT CURRENT_TIMESTAMP,
  PRIMARY KEY (`id`),
  KEY `idx_user_id` (`user_id`),
  KEY `idx_file_id` (`file_id`)
) ENGINE=InnoDB AUTO_INCREMENT=13 DEFAULT CHARSET=utf8mb4 COLLATE=utf8mb4_0900_ai_ci;
/*!40101 SET character_set_client = @saved_cs_client */;

--
-- Dumping data for table `user_file`
--

LOCK TABLES `user_file` WRITE;
/*!40000 ALTER TABLE `user_file` DISABLE KEYS */;
INSERT INTO `user_file` VALUES (1,2,1,'2025-01-12 13:49:43'),(2,5,1,'2025-01-12 13:52:12'),(3,6,2,'2025-01-14 09:10:33'),(4,6,3,'2025-01-15 03:08:58'),(5,6,4,'2025-01-15 03:15:45'),(6,2,5,'2025-01-15 12:33:02'),(7,2,6,'2025-01-15 13:01:00'),(8,2,7,'2025-01-15 13:05:05'),(9,2,8,'2025-01-15 14:47:06'),(10,6,9,'2025-01-19 07:31:34'),(11,2,10,'2025-01-20 08:53:51'),(12,2,11,'2025-01-20 09:02:34');
/*!40000 ALTER TABLE `user_file` ENABLE KEYS */;
UNLOCK TABLES;

--
-- Table structure for table `user_ppt_detail`
--

DROP TABLE IF EXISTS `user_ppt_detail`;
/*!40101 SET @saved_cs_client     = @@character_set_client */;
/*!50503 SET character_set_client = utf8mb4 */;
CREATE TABLE `user_ppt_detail` (
  `id` int NOT NULL AUTO_INCREMENT COMMENT '主键，自增长的唯一标识符',
  `user_ppt_id` int NOT NULL COMMENT '关联user_ppt_rel',
  `ppt_page` int NOT NULL COMMENT 'ppt的页数',
  `summary` varchar(10000) DEFAULT NULL COMMENT '该页ppt的摘要',
  `sound_url` varchar(255) DEFAULT NULL COMMENT '该页ppt的音频地址',
  `create_time` timestamp NULL DEFAULT CURRENT_TIMESTAMP COMMENT '记录这行数据的创建时间，默认是当前系统时间',
  `last_task_id` int DEFAULT NULL,
  PRIMARY KEY (`id`),
  UNIQUE KEY `idx_user_ppt_page_url` (`user_ppt_id`,`ppt_page`)
) ENGINE=InnoDB AUTO_INCREMENT=71 DEFAULT CHARSET=utf8mb4 COLLATE=utf8mb4_0900_ai_ci;
/*!40101 SET character_set_client = @saved_cs_client */;

--
-- Dumping data for table `user_ppt_detail`
--

LOCK TABLES `user_ppt_detail` WRITE;
/*!40000 ALTER TABLE `user_ppt_detail` DISABLE KEYS */;
INSERT INTO `user_ppt_detail` VALUES (1,1,5,NULL,NULL,'2025-01-15 21:35:51',46),(2,1,7,NULL,NULL,'2025-01-15 21:35:51',44),(3,1,1,NULL,NULL,'2025-01-15 21:35:51',47),(4,1,9,NULL,NULL,'2025-01-15 21:35:51',45),(5,1,3,NULL,NULL,'2025-01-15 21:35:51',48),(6,1,0,NULL,NULL,'2025-01-15 21:35:51',50),(7,1,6,NULL,NULL,'2025-01-15 21:35:51',49),(8,1,4,NULL,NULL,'2025-01-15 21:35:51',53),(9,1,8,NULL,NULL,'2025-01-15 21:35:51',51),(10,1,2,NULL,NULL,'2025-01-15 21:35:51',52),(11,1,12,NULL,NULL,'2025-01-15 21:35:52',55),(12,1,10,NULL,NULL,'2025-01-15 21:35:52',54),(13,1,14,NULL,NULL,'2025-01-15 21:35:52',56),(14,1,13,NULL,NULL,'2025-01-15 21:35:52',57),(15,1,11,NULL,NULL,'2025-01-15 21:35:52',58),(16,1,17,NULL,NULL,'2025-01-15 21:35:52',59),(17,1,16,NULL,NULL,'2025-01-15 21:35:52',60),(18,1,15,NULL,NULL,'2025-01-15 21:35:52',62),(19,1,18,NULL,NULL,'2025-01-15 21:35:52',61),(20,1,19,NULL,NULL,'2025-01-15 21:35:52',63),(21,1,21,NULL,NULL,'2025-01-15 21:35:52',65),(22,1,20,NULL,NULL,'2025-01-15 21:35:52',64),(23,1,22,NULL,NULL,'2025-01-15 21:35:52',67),(24,1,25,NULL,NULL,'2025-01-15 21:35:52',66),(25,1,23,NULL,NULL,'2025-01-15 21:35:52',68),(26,1,26,NULL,NULL,'2025-01-15 21:35:52',69),(27,1,24,NULL,NULL,'2025-01-15 21:35:52',71),(28,1,28,NULL,NULL,'2025-01-15 21:35:52',70),(29,1,27,NULL,NULL,'2025-01-15 21:35:52',72),(30,1,29,NULL,NULL,'2025-01-15 21:35:52',73),(31,1,30,NULL,NULL,'2025-01-15 21:35:53',74),(32,1,32,NULL,NULL,'2025-01-15 21:35:53',75),(33,1,31,NULL,NULL,'2025-01-15 21:35:53',77),(34,1,34,NULL,NULL,'2025-01-15 21:35:53',76),(35,1,33,NULL,NULL,'2025-01-15 21:35:53',79),(36,1,35,NULL,NULL,'2025-01-15 21:35:53',80),(37,1,36,NULL,NULL,'2025-01-15 21:35:53',78),(38,1,38,NULL,NULL,'2025-01-15 21:35:53',82),(39,1,37,NULL,NULL,'2025-01-15 21:35:53',81),(40,1,39,NULL,NULL,'2025-01-15 21:35:53',83),(41,1,40,NULL,NULL,'2025-01-15 21:35:53',84),(42,1,42,NULL,NULL,'2025-01-15 21:35:53',85),(43,1,41,NULL,NULL,'2025-01-15 21:35:53',86),(44,1,43,NULL,NULL,'2025-01-15 21:35:53',88),(45,1,45,NULL,NULL,'2025-01-15 21:35:53',87),(46,1,44,NULL,NULL,'2025-01-15 21:35:53',89),(47,1,46,NULL,NULL,'2025-01-15 21:35:53',90),(48,1,48,NULL,NULL,'2025-01-15 21:35:53',91),(49,1,47,NULL,NULL,'2025-01-15 21:35:53',92),(50,1,49,NULL,NULL,'2025-01-15 21:35:53',93),(51,1,50,NULL,NULL,'2025-01-15 21:35:53',95),(52,1,51,NULL,NULL,'2025-01-15 21:35:53',94),(53,1,52,NULL,NULL,'2025-01-15 21:35:53',96),(54,1,53,NULL,NULL,'2025-01-15 21:35:53',98),(55,1,55,NULL,NULL,'2025-01-15 21:35:53',99),(56,1,54,NULL,NULL,'2025-01-15 21:35:53',97),(57,1,56,NULL,NULL,'2025-01-15 21:35:53',100),(58,1,57,NULL,NULL,'2025-01-15 21:35:53',101),(59,1,59,NULL,NULL,'2025-01-15 21:35:53',102),(60,1,58,NULL,NULL,'2025-01-15 21:35:53',103),(61,1,60,NULL,NULL,'2025-01-15 21:35:53',104),(62,1,61,NULL,NULL,'2025-01-15 21:35:54',105),(63,1,62,NULL,NULL,'2025-01-15 21:35:54',106),(64,1,63,NULL,NULL,'2025-01-15 21:35:54',107),(65,1,65,NULL,NULL,'2025-01-15 21:35:54',108),(66,1,64,NULL,NULL,'2025-01-15 21:35:54',110),(67,1,66,NULL,NULL,'2025-01-15 21:35:54',109),(68,1,67,NULL,NULL,'2025-01-15 21:35:54',112),(69,1,69,NULL,NULL,'2025-01-15 21:35:54',113),(70,1,68,NULL,NULL,'2025-01-15 21:35:54',111);
/*!40000 ALTER TABLE `user_ppt_detail` ENABLE KEYS */;
UNLOCK TABLES;

--
-- Table structure for table `user_ppt_rel`
--

DROP TABLE IF EXISTS `user_ppt_rel`;
/*!40101 SET @saved_cs_client     = @@character_set_client */;
/*!50503 SET character_set_client = utf8mb4 */;
CREATE TABLE `user_ppt_rel` (
  `id` int NOT NULL AUTO_INCREMENT COMMENT '主键，自增长的唯一标识符',
  `user_id` int NOT NULL COMMENT '关联用户的唯一标识，不能为空',
  `ppt_url` varchar(255) NOT NULL COMMENT '用户ppt文件的存储地址',
  `page_count` int NOT NULL COMMENT 'ppt的页数',
  `create_time` timestamp NULL DEFAULT CURRENT_TIMESTAMP COMMENT '记录这行数据的创建时间，默认是当前系统时间',
  PRIMARY KEY (`id`),
  UNIQUE KEY `idx_user_ppt_url` (`user_id`,`ppt_url`)
) ENGINE=InnoDB AUTO_INCREMENT=2 DEFAULT CHARSET=utf8mb4 COLLATE=utf8mb4_0900_ai_ci COMMENT='用于存储用户ppt相关记录的表';
/*!40101 SET character_set_client = @saved_cs_client */;

--
-- Dumping data for table `user_ppt_rel`
--

LOCK TABLES `user_ppt_rel` WRITE;
/*!40000 ALTER TABLE `user_ppt_rel` DISABLE KEYS */;
INSERT INTO `user_ppt_rel` VALUES (1,2,'http://121.43.62.36:9000/ppt/1736923625533_5e5bd4d73cbd451c0cfd346dc96a5d9b.pptx',70,'2025-01-15 21:11:21');
/*!40000 ALTER TABLE `user_ppt_rel` ENABLE KEYS */;
UNLOCK TABLES;

--
-- Table structure for table `user_sound_rel`
--

DROP TABLE IF EXISTS `user_sound_rel`;
/*!40101 SET @saved_cs_client     = @@character_set_client */;
/*!50503 SET character_set_client = utf8mb4 */;
CREATE TABLE `user_sound_rel` (
  `id` int NOT NULL AUTO_INCREMENT COMMENT '主键，自增长的唯一标识符',
  `user_id` int NOT NULL COMMENT '关联用户的唯一标识，不能为空',
  `sound_url` varchar(255) NOT NULL COMMENT '用户声音文件的存储地址',
  `status` int DEFAULT NULL,
  `create_time` timestamp NULL DEFAULT CURRENT_TIMESTAMP COMMENT '记录这行数据的创建时间，默认是当前系统时间',
  `sound_name` varchar(255) NOT NULL DEFAULT '' COMMENT '声音名称',
  PRIMARY KEY (`id`),
  UNIQUE KEY `idx_user_sound_url` (`user_id`,`sound_url`),
  KEY `idx_user_id` (`user_id`),
  KEY `idx_status` (`status`)
) ENGINE=InnoDB AUTO_INCREMENT=66 DEFAULT CHARSET=utf8mb4 COLLATE=utf8mb4_0900_ai_ci COMMENT='用于存储用户声音相关记录的表';
/*!40101 SET character_set_client = @saved_cs_client */;

--
-- Dumping data for table `user_sound_rel`
--

LOCK TABLES `user_sound_rel` WRITE;
/*!40000 ALTER TABLE `user_sound_rel` DISABLE KEYS */;
INSERT INTO `user_sound_rel` VALUES (1,5,'/mp3/123/test.mp3',0,'2025-01-12 14:52:17','用户测试'),(3,5,'/mp3/123/test2.mp3',0,'2025-01-12 14:59:21','用户测试'),(10,5,'/mp3/123/test09.mp3',0,'2025-01-12 15:12:01','用户测试'),(12,2,'test',0,'2025-01-12 23:29:57','用户测试'),(21,2,'test1',0,'2025-01-13 11:52:51','用户测试'),(22,2,'test11',0,'2025-01-13 15:05:12','用户测试'),(23,2,'test112',0,'2025-01-13 15:09:51','用户测试'),(24,2,'test1123',0,'2025-01-13 15:15:35','用户测试'),(25,2,'123',0,'2025-01-13 22:18:49','用户测试'),(46,5,'/path/to/sound10',3,'2025-01-14 13:04:33','用户测试'),(48,5,'/path/to/sound1',1,'2025-01-14 13:05:58','用户测试'),(49,5,'/path/to/sound2',1,'2025-01-14 13:16:11','用户测试'),(51,5,'/path/to/sound3',1,'2025-01-14 13:18:01','用户测试'),(52,5,'/path/to/sound4',3,'2025-01-14 13:20:59','用户测试'),(54,5,'/path/to/sound5',3,'2025-01-14 13:22:27','用户测试'),(55,5,'/path/to/sound6',3,'2025-01-14 13:24:55','用户测试'),(57,5,'/path/to/sound7',3,'2025-01-14 13:25:48','用户测试'),(59,5,'/path/to/sound8',3,'2025-01-14 13:27:23','用户测试'),(60,5,'/path/to/sound9',3,'2025-01-14 13:33:04','用户测试'),(61,2,'test.mp3',2,'2025-01-14 21:35:52','用户测试'),(62,5,'/path/to/sound10.mp3',2,'2025-01-15 09:49:22','用户测试'),(63,5,'/path/to/sound11.mp3',2,'2025-01-19 11:42:52','用户测试'),(64,6,'http://121.43.62.36:9000/mp3/1736845832691_test.mp3',0,'2025-01-19 07:32:17',''),(65,2,'123.mp3',3,'2025-01-19 16:59:19','123');
/*!40000 ALTER TABLE `user_sound_rel` ENABLE KEYS */;
UNLOCK TABLES;
/*!40103 SET TIME_ZONE=@OLD_TIME_ZONE */;

/*!40101 SET SQL_MODE=@OLD_SQL_MODE */;
/*!40014 SET FOREIGN_KEY_CHECKS=@OLD_FOREIGN_KEY_CHECKS */;
/*!40014 SET UNIQUE_CHECKS=@OLD_UNIQUE_CHECKS */;
/*!40101 SET CHARACTER_SET_CLIENT=@OLD_CHARACTER_SET_CLIENT */;
/*!40101 SET CHARACTER_SET_RESULTS=@OLD_CHARACTER_SET_RESULTS */;
/*!40101 SET COLLATION_CONNECTION=@OLD_COLLATION_CONNECTION */;
/*!40111 SET SQL_NOTES=@OLD_SQL_NOTES */;

-- Dump completed on 2025-01-20 22:24:13
